_id,loggingTime,flightNumber,originIata,destinationIata,departureDatetimeLocal,arrivalDatetimeLocal,Everything Merged,,depDOW
650c3e218934f729db7d77b9,59:13.6,EK216,LAX,DXB,20/9/2023 23:40,21/9/2023 15:30,EK216LAXDXB45189.986111111145190.6458333333,,
650c3f5a8386173002aae8bb,04:26.7,EK226,SFO,DXB,21/9/2023 00:05,21/9/2023 15:40,EK226SFODXB45190.003472222245190.6527777778,,
650c3f5b8386173002aae8bc,04:27.2,EK241,DXB,YYZ,20/9/2023 23:30,21/9/2023 13:30,EK241DXBYYZ45189.979166666745190.5625,,
650c3f5b8386173002aae8bd,04:27.7,QF11,SYD,LAX,21/9/2023 00:20,21/9/2023 14:05,QF11SYDLAX45190.013888888945190.5868055556,,
650c3f5b8386173002aae8be,04:27.9,EK212,IAH,DXB,21/9/2023 00:55,21/9/2023 15:45,EK212IAHDXB45190.038194444445190.65625,,
650c3f5c8386173002aae8bf,04:28.4,SQ308,SIN,LHR,21/9/2023 01:00,21/9/2023 14:40,SQ308SINLHR45190.041666666745190.6111111111,,
650c3f5c8386173002aae8c0,04:28.9,KE81,ICN,JFK,21/9/2023 01:00,21/9/2023 15:05,KE81ICNJFK45190.041666666745190.6284722222,,
650c3f5d8386173002aae8c1,04:29.4,EK202,JFK,DXB,21/9/2023 03:00,21/9/2023 15:45,EK202JFKDXB45190.12545190.65625,,
650c3f5d8386173002aae8c2,04:29.9,EK380,DXB,HKG,21/9/2023 06:05,21/9/2023 14:00,EK380DXBHKG45190.253472222245190.5833333333,,
650c3f5e8386173002aae8c3,04:30.4,EK31,DXB,LHR,21/9/2023 07:25,21/9/2023 15:10,EK31DXBLHR45190.309027777845190.6319444444,,
650c3f5e8386173002aae8c4,04:30.8,EK262,GRU,DXB,21/9/2023 04:25,21/9/2023 18:55,EK262GRUDXB45190.184027777845190.7881944444,,
650c3f5f8386173002aae8c5,04:31.3,EK201,DXB,JFK,21/9/2023 04:30,21/9/2023 18:25,EK201DXBJFK45190.187545190.7673611111,,
650c3f5f8386173002aae8c6,04:31.8,EK215,DXB,LAX,21/9/2023 04:55,21/9/2023 21:15,EK215DXBLAX45190.204861111145190.8854166667,,
650c3f608386173002aae8c7,04:32.3,QF1,SYD,SIN,21/9/2023 05:10,21/9/2023 13:30,QF1SYDSIN45190.215277777845190.5625,,
650c3f608386173002aae8c8,04:32.8,EK261,DXB,GRU,21/9/2023 05:05,21/9/2023 20:00,EK261DXBGRU45190.211805555645190.8333333333,,
650c3f618386173002aae8c9,04:33.3,SQ228,MEL,SIN,21/9/2023 05:40,21/9/2023 13:30,SQ228MELSIN45190.236111111145190.5625,,
650c3f618386173002aae8ca,04:33.8,KE17,ICN,LAX,21/9/2023 05:30,21/9/2023 16:40,KE17ICNLAX45190.229166666745190.6944444444,,
650c3f618386173002aae8cb,04:34.0,EK225,DXB,SFO,21/9/2023 05:10,21/9/2023 21:00,EK225DXBSFO45190.215277777845190.875,,
650c3f628386173002aae8cc,04:34.2,EK352,DXB,SIN,21/9/2023 05:40,21/9/2023 13:15,EK352DXBSIN45190.236111111145190.5520833333,,
650c3f628386173002aae8cd,04:34.7,OZ202,ICN,LAX,21/9/2023 05:40,21/9/2023 16:50,OZ202ICNLAX45190.236111111145190.7013888889,,
650c3f638386173002aae8ce,04:35.2,EK29,DXB,LHR,21/9/2023 05:40,21/9/2023 13:25,EK29DXBLHR45190.236111111145190.5590277778,,
650c3f638386173002aae8cf,04:35.7,EK362,DXB,CAN,21/9/2023 06:20,21/9/2023 14:05,EK362DXBCAN45190.263888888945190.5868055556,,
650c3f638386173002aae8d0,04:35.9,EK448,DXB,AKL,21/9/2023 06:05,21/9/2023 21:50,EK448DXBAKL45190.253472222245190.9097222222,,
650c3f648386173002aae8d1,04:36.4,EK763,DXB,JNB,21/9/2023 05:55,21/9/2023 14:15,EK763DXBJNB45190.246527777845190.59375,,
650c3f648386173002aae8d2,04:36.8,EK406,DXB,MEL,21/9/2023 06:05,21/9/2023 19:30,EK406DXBMEL45190.253472222245190.8125,,
650c3f658386173002aae8d3,04:37.3,EK211,DXB,IAH,21/9/2023 05:35,21/9/2023 21:50,EK211DXBIAH45190.232638888945190.9097222222,,
650c3f658386173002aae8d4,04:37.8,EK412,DXB,SYD,21/9/2023 06:25,21/9/2023 20:05,EK412DXBSYD45190.267361111145190.8368055556,,
650c3f658386173002aae8d5,04:38.0,EK8,LHR,DXB,21/9/2023 08:05,21/9/2023 15:10,EK8LHRDXB45190.336805555645190.6319444444,,
650c3f668386173002aae8d6,04:38.5,EK434,DXB,BNE,21/9/2023 06:35,21/9/2023 20:25,EK434DXBBNE45190.274305555645190.8506944444,,
650c3f668386173002aae8d7,04:39.0,QF12,LAX,SYD,21/9/2023 06:40,21/9/2023 21:45,QF12LAXSYD45190.277777777845190.90625,,
650c3f678386173002aae8d8,04:39.5,EK308,DXB,PEK,21/9/2023 06:40,21/9/2023 14:20,EK308DXBPEK45190.277777777845190.5972222222,,
650c3f678386173002aae8d9,04:39.9,QR6,LHR,DOH,21/9/2023 07:30,21/9/2023 14:10,QR6LHRDOH45190.312545190.5902777778,,
650c3f688386173002aae8da,04:40.4,EK449,AKL,DXB,21/9/2023 08:30,22/9/2023 01:35,EK449AKLDXB45190.354166666745191.0659722222,,
650c3f688386173002aae8db,04:40.9,SQ833,PVG,SIN,21/9/2023 08:50,21/9/2023 14:20,SQ833PVGSIN45190.368055555645190.5972222222,,
650c3f698386173002aae8dc,04:41.1,SQ406,SIN,DEL,21/9/2023 08:50,21/9/2023 14:40,SQ406SINDEL45190.368055555645190.6111111111,,
650c3f698386173002aae8dd,04:41.6,EY12,LHR,AUH,21/9/2023 08:30,21/9/2023 15:35,EY12LHRAUH45190.354166666745190.6493055556,,
650c3f6a8386173002aae8de,04:42.1,EK12,LGW,DXB,21/9/2023 09:05,21/9/2023 16:00,EK12LGWDXB45190.378472222245190.6666666667,,
650c3f6a8386173002aae8df,04:42.6,QR1,DOH,LHR,21/9/2023 09:40,21/9/2023 17:00,QR1DOHLHR45190.402777777845190.7083333333,,
650c3f6b8386173002aae8e0,04:43.1,EK72,CDG,DXB,21/9/2023 09:25,21/9/2023 16:00,EK72CDGDXB45190.392361111145190.6666666667,,
650c3f6b8386173002aae8e1,04:43.3,EK928,CAI,DXB,21/9/2023 10:10,21/9/2023 13:30,EK928CAIDXB45190.423611111145190.5625,,
650c3f6b8386173002aae8e2,04:43.8,EK903,DXB,AMM,21/9/2023 10:05,21/9/2023 13:00,EK903DXBAMM45190.420138888945190.5416666667,,
650c3f6c8386173002aae8e3,04:44.3,LH410,MUC,JFK,21/9/2023 10:10,21/9/2023 19:00,LH410MUCJFK45190.423611111145190.7916666667,,
650c3f6c8386173002aae8e4,04:44.5,EK3,DXB,LHR,21/9/2023 10:15,21/9/2023 17:40,EK3DXBLHR45190.427083333345190.7361111111,,
650c3f6d8386173002aae8e5,04:45.0,OZ741,ICN,BKK,21/9/2023 10:30,21/9/2023 16:10,OZ741ICNBKK45190.437545190.6736111111,,
650c3f6d8386173002aae8e6,04:45.2,EK75,DXB,CDG,21/9/2023 10:40,21/9/2023 18:00,EK75DXBCDG45190.444444444445190.75,,
650c3f6d8386173002aae8e7,04:45.7,BA207,LHR,MIA,21/9/2023 09:25,21/9/2023 18:45,BA207LHRMIA45190.392361111145190.78125,,
650c3f6e8386173002aae8e8,04:46.7,QR909,SYD,DOH,21/9/2023 11:00,22/9/2023 01:55,QR909SYDDOH45190.458333333345191.0798611111,,
650c3f6f8386173002aae8e9,04:47.1,EK19,DXB,MAN,21/9/2023 10:30,21/9/2023 18:15,EK19DXBMAN45190.437545190.7604166667,,
650c3f6f8386173002aae8ea,04:47.6,EK435,BNE,DXB,21/9/2023 11:00,22/9/2023 01:10,EK435BNEDXB45190.458333333345191.0486111111,,
650c3f708386173002aae8eb,04:48.1,SQ424,SIN,BOM,21/9/2023 11:00,21/9/2023 16:40,SQ424SINBOM45190.458333333345190.6944444444,,
650c3f708386173002aae8ec,04:48.3,NH184,NRT,HNL,21/9/2023 11:10,21/9/2023 18:45,NH184NRTHNL45190.465277777845190.78125,,
650c3f708386173002aae8ed,04:48.8,EK413,SYD,DXB,21/9/2023 11:10,22/9/2023 01:40,EK413SYDDXB45190.465277777845191.0694444444,,
650c3f718386173002aae8ee,04:49.3,EK407,MEL,DXB,21/9/2023 11:15,22/9/2023 01:15,EK407MELDXB45190.4687545191.0520833333,,
650c3f718386173002aae8ef,04:49.8,EK369,DPS,DXB,21/9/2023 11:40,21/9/2023 20:45,EK369DPSDXB45190.486111111145190.8645833333,,
650c3f728386173002aae8f0,04:50.3,EK9,DXB,LGW,21/9/2023 10:55,21/9/2023 18:45,EK9DXBLGW45190.454861111145190.78125,,
650c3f728386173002aae8f1,04:50.8,EK764,JNB,DXB,20/9/2023 17:15,21/9/2023 01:30,EK764JNBDXB45189.7187545190.0625,,
650c3f728386173002aae8f2,04:51.0,EK347,KUL,DXB,21/9/2023 11:20,21/9/2023 18:20,EK347KULDXB45190.472222222245190.7638888889,,
650c3f738386173002aae8f3,04:51.4,EK923,DXB,CAI,21/9/2023 11:15,21/9/2023 15:05,EK923DXBCAI45190.4687545190.6284722222,,
650c3f738386173002aae8f4,04:51.9,QF2,SIN,SYD,21/9/2023 11:30,21/9/2023 19:10,QF2SINSYD45190.479166666745190.7986111111,,
650c3f748386173002aae8f5,04:52.9,EK803,DXB,JED,21/9/2023 11:40,21/9/2023 15:00,EK803DXBJED45190.486111111145190.625,,
650c3f758386173002aae8f6,04:53.4,EK5,DXB,LHR,21/9/2023 11:45,21/9/2023 19:15,EK5DXBLHR45190.489583333345190.8020833333,,
650c3f758386173002aae8f7,04:53.9,EK206,MXP,DXB,21/9/2023 12:05,21/9/2023 18:10,EK206MXPDXB45190.503472222245190.7569444444,,
650c3f768386173002aae8f8,04:54.4,EK91,DXB,MXP,21/9/2023 11:45,21/9/2023 18:30,EK91DXBMXP45190.489583333345190.7708333333,,
650c3f768386173002aae8f9,04:54.9,EK702,MRU,DXB,21/9/2023 12:35,21/9/2023 19:10,EK702MRUDXB45190.524305555645190.7986111111,,
650c3f778386173002aae8fa,04:55.3,BA107,LHR,DXB,21/9/2023 11:55,21/9/2023 19:05,BA107LHRDXB45190.496527777845190.7951388889,,
650c3f778386173002aae8fb,04:55.8,EK131,DXB,DME,21/9/2023 12:15,21/9/2023 17:30,EK131DXBDME45190.510416666745190.7291666667,,
650c3f788386173002aae8fc,04:56.3,EK51,DXB,MUC,21/9/2023 12:30,21/9/2023 18:50,EK51DXBMUC45190.520833333345190.7847222222,,
650c3f788386173002aae8fd,04:56.8,EY20,LHR,AUH,1/1/1970 00:00,1/1/1970 00:00,EY20LHRAUH2556925569,,
650c3f798386173002aae8fe,04:57.0,SQ221,SIN,SYD,21/9/2023 12:20,21/9/2023 19:55,SQ221SINSYD45190.513888888945190.8298611111,,
650c4cd139ed09d0c37d81d1,01:53.3,EK74,CDG,DXB,21/9/2023 13:35,21/9/2023 20:20,EK74CDGDXB45190.565972222245190.8472222222,,
650c4cd639ed09d0c37d81dd,01:58.3,EY20,LHR,AUH,21/9/2023 13:50,21/9/2023 20:55,EY20LHRAUH45190.576388888945190.8715277778,,
650c4cd739ed09d0c37d81df,01:59.3,EK18,MAN,DXB,21/9/2023 13:05,21/9/2023 20:20,EK18MANDXB45190.545138888945190.8472222222,,
650c4cd739ed09d0c37d81e0,01:59.8,EK124,IST,DXB,21/9/2023 13:25,21/9/2023 17:50,EK124ISTDXB45190.559027777845190.7430555556,,
650c4cd839ed09d0c37d81e1,02:00.3,EK319,NRT,DXB,21/9/2023 13:30,22/9/2023 00:10,EK319NRTDXB45190.562545191.0069444444,,
650c4cd839ed09d0c37d81e2,02:00.6,EK98,FCO,DXB,21/9/2023 13:30,21/9/2023 19:10,EK98FCODXB45190.562545190.7986111111,,
650c4cd939ed09d0c37d81e3,02:01.0,EK148,AMS,DXB,21/9/2023 13:20,21/9/2023 19:59,EK148AMSDXB45190.555555555645190.8326388889,,
650c4cd939ed09d0c37d81e4,02:01.5,EK142,MAD,DXB,21/9/2023 13:25,21/9/2023 20:35,EK142MADDXB45190.559027777845190.8576388889,,
650c4cda39ed09d0c37d81e5,02:02.0,EK50,MUC,DXB,21/9/2023 13:40,21/9/2023 19:45,EK50MUCDXB45190.569444444445190.8229166667,,
650c4cda39ed09d0c37d81e6,02:02.5,EK46,FRA,DXB,21/9/2023 13:15,21/9/2023 19:35,EK46FRADXB45190.552083333345190.8159722222,,
650c4cda39ed09d0c37d81e7,02:02.9,EK2,LHR,DXB,21/9/2023 13:20,21/9/2023 20:20,EK2LHRDXB45190.555555555645190.8472222222,,
650c4cdb39ed09d0c37d81e8,02:03.2,EK40,BHX,DXB,21/9/2023 13:40,21/9/2023 20:45,EK40BHXDXB45190.569444444445190.8645833333,,
650c4cdb39ed09d0c37d81e9,02:03.7,EK385,HKG,BKK,21/9/2023 13:30,21/9/2023 16:45,EK385HKGBKK45190.562545190.6979166667,,
650c4cdc39ed09d0c37d81ea,02:04.2,BA213,LHR,BOS,21/9/2023 13:40,21/9/2023 21:00,BA213LHRBOS45190.569444444445190.875,,
650c4cdc39ed09d0c37d81eb,02:04.7,EK28,GLA,DXB,21/9/2023 13:35,21/9/2023 21:05,EK28GLADXB45190.565972222245190.8784722222,,
650c4cdd39ed09d0c37d81ec,02:05.2,EK355,SIN,DXB,21/9/2023 13:40,21/9/2023 20:50,EK355SINDXB45190.569444444445190.8680555556,,
650c4cdd39ed09d0c37d81ed,02:05.7,EK88,ZRH,DXB,21/9/2023 13:25,21/9/2023 19:45,EK88ZRHDXB45190.559027777845190.8229166667,,
650c4cdd39ed09d0c37d81ee,02:05.9,EK78,NCE,DXB,21/9/2023 13:55,21/9/2023 20:10,EK78NCEDXB45190.579861111145190.8402777778,,
650c4cde39ed09d0c37d81ef,02:06.1,LH424,MUC,BOS,21/9/2023 13:35,21/9/2023 21:50,LH424MUCBOS45190.565972222245190.9097222222,,
650c5ab11f1f721d775d60b8,01:05.5,EK134,DME,DXB,21/9/2023 13:55,21/9/2023 19:10,EK134DMEDXB45190.579861111145190.7986111111,,
650c5ab31f1f721d775d60bd,01:07.6,EK16,LGW,DXB,21/9/2023 13:35,21/9/2023 20:40,EK16LGWDXB45190.565972222245190.8611111111,,
650c5ab41f1f721d775d60be,01:08.1,EK421,PER,DXB,21/9/2023 14:20,22/9/2023 01:20,EK421PERDXB45190.597222222245191.0555555556,,
650c5ab41f1f721d775d60bf,01:08.5,QR835,BKK,DOH,21/9/2023 13:00,21/9/2023 19:50,QR835BKKDOH45190.541666666745190.8263888889,,
650c5ab51f1f721d775d60c0,01:09.0,EK752,CMN,DXB,21/9/2023 13:45,21/9/2023 21:15,EK752CMNDXB45190.572916666745190.8854166667,,
650c5ab51f1f721d775d60c1,01:09.5,EK205,MXP,JFK,21/9/2023 14:10,21/9/2023 22:55,EK205MXPJFK45190.590277777845190.9548611111,,
650c5ab51f1f721d775d60c2,01:09.7,EK56,DUS,DXB,21/9/2023 13:25,21/9/2023 19:55,EK56DUSDXB45190.559027777845190.8298611111,,
650c5ab61f1f721d775d60c3,01:10.2,QR4,LHR,DOH,21/9/2023 14:05,21/9/2023 20:50,QR4LHRDOH45190.586805555645190.8680555556,,
650c5ab61f1f721d775d60c4,01:10.6,EK323,ICN,DXB,21/9/2023 14:55,22/9/2023 00:25,EK323ICNDXB45190.621527777845191.0173611111,,
650c5ab61f1f721d775d60c5,01:10.8,QR901,PER,DOH,21/9/2023 15:00,22/9/2023 02:15,QR901PERDOH45190.62545191.09375,,
650c68ce6faec3fa0f5a08b8,01:18.7,EK904,AMM,DXB,21/9/2023 15:00,21/9/2023 18:00,EK904AMMDXB45190.62545190.75,,
650c68d46faec3fa0f5a08c4,01:24.2,EK204,JFK,DXB,21/9/2023 15:20,22/9/2023 03:50,EK204JFKDXB45190.638888888945191.1597222222,,
650c68d46faec3fa0f5a08c5,01:24.7,EK232,IAD,DXB,21/9/2023 14:55,22/9/2023 04:05,EK232IADDXB45190.621527777845191.1701388889,,
650c68d56faec3fa0f5a08c6,01:25.7,EK367,TPE,DXB,21/9/2023 15:35,22/9/2023 00:20,EK367TPEDXB45190.649305555645191.0138888889,,
650c68d66faec3fa0f5a08c7,01:26.2,QF1,SIN,LHR,21/9/2023 15:30,22/9/2023 05:35,QF1SINLHR45190.645833333345191.2326388889,,
650c68d66faec3fa0f5a08c8,01:26.6,SQ322,SIN,LHR,21/9/2023 15:30,22/9/2023 04:55,SQ322SINLHR45190.645833333345191.2048611111,,
650c76f654b119fc1dc35764,01:42.4,EK30,LHR,DXB,21/9/2023 15:50,21/9/2023 22:45,EK30LHRDXB45190.659722222245190.9479166667,,
650c76f654b119fc1dc35765,01:42.9,EK363,CAN,DXB,21/9/2023 16:15,22/9/2023 00:05,EK363CANDXB45190.677083333345191.0034722222,,
650c76f754b119fc1dc35766,01:43.1,EK303,PVG,DXB,21/9/2023 16:05,22/9/2023 00:55,EK303PVGDXB45190.670138888945191.0381944444,,
650c76f754b119fc1dc35767,01:43.3,SQ403,DEL,SIN,21/9/2023 16:25,21/9/2023 22:10,SQ403DELSIN45190.684027777845190.9236111111,,
650c76f754b119fc1dc35768,01:43.8,SQ237,SIN,MEL,21/9/2023 16:25,21/9/2023 23:50,SQ237SINMEL45190.684027777845190.9930555556,,
650c76f854b119fc1dc35769,01:44.3,BA293,LHR,IAD,21/9/2023 16:15,22/9/2023 00:25,BA293LHRIAD45190.677083333345191.0173611111,,
650c76f854b119fc1dc3576a,01:44.5,EK381,HKG,DXB,21/9/2023 16:35,22/9/2023 00:20,EK381HKGDXB45190.690972222245191.0138888889,,
650c76f954b119fc1dc3576b,01:45.4,BA287,LHR,SFO,21/9/2023 13:05,22/9/2023 00:10,BA287LHRSFO45190.545138888945191.0069444444,,
650c932161ef37facca0c4b2,01:53.2,EK804,JED,DXB,21/9/2023 17:05,21/9/2023 20:15,EK804JEDDXB45190.711805555645190.84375,,
650c932161ef37facca0c4b3,01:53.4,EK307,PEK,DXB,21/9/2023 16:40,22/9/2023 01:00,EK307PEKDXB45190.694444444445191.0416666667,,
650c932161ef37facca0c4b4,01:53.9,EK764,JNB,DXB,21/9/2023 17:15,22/9/2023 01:30,EK764JNBDXB45190.7187545191.0625,,
650c932261ef37facca0c4b5,01:54.4,EK353,SIN,DXB,21/9/2023 16:50,22/9/2023 00:15,EK353SINDXB45190.701388888945191.0104166667,,
650c932261ef37facca0c4b6,01:54.9,EK924,CAI,DXB,21/9/2023 17:05,21/9/2023 20:40,EK924CAIDXB45190.711805555645190.8611111111,,
650c932361ef37facca0c4b7,01:55.3,EK568,DXB,BLR,21/9/2023 17:15,21/9/2023 21:15,EK568DXBBLR45190.7187545190.8854166667,,
650c932361ef37facca0c4b8,01:55.8,KE82,JFK,ICN,21/9/2023 17:25,22/9/2023 08:45,KE82JFKICN45190.725694444445191.3645833333,,
650c932461ef37facca0c4b9,01:56.3,SQ231,SIN,SYD,21/9/2023 16:45,22/9/2023 00:25,SQ231SINSYD45190.697916666745191.0173611111,,
650c932461ef37facca0c4ba,01:56.8,QR908,DOH,SYD,21/9/2023 17:00,22/9/2023 07:10,QR908DOHSYD45190.708333333345191.2986111111,,
650c932561ef37facca0c4bb,01:57.2,BA56,JNB,LHR,21/9/2023 17:20,22/9/2023 04:30,BA56JNBLHR45190.722222222245191.1875,,
650c932661ef37facca0c4bc,01:58.2,EK704,MRU,DXB,21/9/2023 17:50,22/9/2023 00:25,EK704MRUDXB45190.743055555645191.0173611111,,
650c932661ef37facca0c4bd,01:58.7,EK500,DXB,BOM,21/9/2023 17:55,21/9/2023 21:00,EK500DXBBOM45190.746527777845190.875,,
650c932661ef37facca0c4be,01:58.9,SQ423,BOM,SIN,21/9/2023 18:10,21/9/2023 23:40,SQ423BOMSIN45190.756944444445190.9861111111,,
650c932761ef37facca0c4bf,01:59.4,EK374,DXB,BKK,21/9/2023 18:30,22/9/2023 01:00,EK374DXBBKK45190.770833333345191.0416666667,,
650c932761ef37facca0c4c0,01:59.9,OZ742,BKK,ICN,21/9/2023 18:10,21/9/2023 23:55,OZ742BKKICN45190.756944444445190.9965277778,,
650c932861ef37facca0c4c1,02:00.1,EK242,YYZ,DXB,21/9/2023 18:30,22/9/2023 07:15,EK242YYZDXB45190.770833333345191.3020833333,,
650ca10ec19ab1a2ade3a570,01:18.3,QR12,LHR,DOH,21/9/2023 18:45,22/9/2023 01:30,QR12LHRDOH45190.7812545191.0625,,
650ca116c19ab1a2ade3a581,01:26.1,EK385,BKK,DXB,21/9/2023 18:35,22/9/2023 00:45,EK385BKKDXB45190.774305555645191.03125,,
650ca116c19ab1a2ade3a582,01:26.5,EK32,LHR,DXB,21/9/2023 18:50,22/9/2023 01:50,EK32LHRDXB45190.784722222245191.0763888889,,
650ca117c19ab1a2ade3a583,01:27.2,OZ201,LAX,ICN,21/9/2023 19:10,22/9/2023 08:35,OZ201LAXICN45190.798611111145191.3576388889,,
650ca117c19ab1a2ade3a584,01:27.7,EK409,MEL,DXB,21/9/2023 19:15,22/9/2023 09:05,EK409MELDXB45190.802083333345191.3784722222,,
650ca117c19ab1a2ade3a585,01:27.9,BA54,JNB,LHR,21/9/2023 19:20,22/9/2023 06:30,BA54JNBLHR45190.805555555645191.2708333333,,
650ca118c19ab1a2ade3a586,01:28.4,KE18,LAX,ICN,21/9/2023 19:30,22/9/2023 08:50,KE18LAXICN45190.812545191.3680555556,,
650ca118c19ab1a2ade3a587,01:28.9,EK415,SYD,DXB,21/9/2023 20:00,22/9/2023 10:10,EK415SYDDXB45190.833333333345191.4236111111,,
650caf0825acc1436c31b588,00:56.1,QF2,LHR,SIN,21/9/2023 19:55,22/9/2023 09:30,QF2LHRSIN45190.829861111145191.3958333333,,
650caf0825acc1436c31b589,00:56.6,SQ319,LHR,SIN,21/9/2023 19:50,22/9/2023 08:55,SQ319LHRSIN45190.826388888945191.3715277778,,
650caf0925acc1436c31b58a,00:57.1,EK377,BKK,DXB,21/9/2023 19:50,22/9/2023 02:00,EK377BKKDXB45190.826388888945191.0833333333,,
650caf0925acc1436c31b58b,00:57.5,EK132,DME,DXB,21/9/2023 20:20,22/9/2023 01:30,EK132DMEDXB45190.847222222245191.0625,,
650caf0a25acc1436c31b58c,00:58.0,EK76,CDG,DXB,21/9/2023 19:55,22/9/2023 02:35,EK76CDGDXB45190.829861111145191.1076388889,,
650caf0a25acc1436c31b58d,00:58.5,EK801,DXB,JED,21/9/2023 20:10,21/9/2023 23:10,EK801DXBJED45190.840277777845190.9652777778,,
650caf0b25acc1436c31b58e,00:59.5,EK20,MAN,DXB,21/9/2023 20:15,22/9/2023 03:25,EK20MANDXB45190.8437545191.1423611111,,
650caf0b25acc1436c31b58f,00:59.9,BA57,LHR,JNB,21/9/2023 20:25,22/9/2023 07:15,BA57LHRJNB45190.850694444445191.3020833333,,
650cbd4b22881c84b3787107,01:47.8,EK52,MUC,DXB,21/9/2023 20:35,22/9/2023 02:30,EK52MUCDXB45190.857638888945191.1041666667,,
650cbd4c22881c84b3787108,01:48.3,BA106,DXB,LHR,21/9/2023 21:05,22/9/2023 04:55,BA106DXBLHR45190.878472222245191.2048611111,,
650cbd4c22881c84b3787109,01:48.8,EK10,LGW,DXB,21/9/2023 20:45,22/9/2023 03:35,EK10LGWDXB45190.864583333345191.1493055556,,
650cbd4d22881c84b378710a,01:49.3,BA55,LHR,JNB,21/9/2023 18:05,22/9/2023 05:05,BA55LHRJNB45190.753472222245191.2118055556,,
650cbd4d22881c84b378710b,01:49.7,LH411,JFK,MUC,21/9/2023 21:30,22/9/2023 05:35,LH411JFKMUC45190.895833333345191.2326388889,,
650cbd4e22881c84b378710c,01:50.2,EK4,LHR,DXB,21/9/2023 19:40,22/9/2023 02:35,EK4LHRDXB45190.819444444445191.1076388889,,
650ccb5271d436878948ff32,01:38.4,NH183,HNL,NRT,21/9/2023 22:00,22/9/2023 06:15,NH183HNLNRT45190.916666666745191.2604166667,,
650ccb5271d436878948ff33,01:38.8,EK412,SYD,CHC,21/9/2023 21:50,22/9/2023 00:55,EK412SYDCHC45190.909722222245191.0381944444,,
650ccb5371d436878948ff34,01:39.3,EY11,AUH,LHR,21/9/2023 22:05,22/9/2023 05:45,EY11AUHLHR45190.920138888945191.2395833333,,
650ccb5371d436878948ff35,01:39.8,EK6,LHR,DXB,21/9/2023 21:15,22/9/2023 04:05,EK6LHRDXB45190.885416666745191.1701388889,,
650ccb5471d436878948ff36,01:40.2,EK414,DXB,SYD,21/9/2023 22:15,22/9/2023 12:05,EK414DXBSYD45190.927083333345191.5034722222,,
650ccb5471d436878948ff37,01:40.5,EK231,DXB,IAD,21/9/2023 22:20,22/9/2023 12:40,EK231DXBIAD45190.930555555645191.5277777778,,
650ccb5471d436878948ff38,01:40.9,EK92,MXP,DXB,21/9/2023 20:20,22/9/2023 02:25,EK92MXPDXB45190.847222222245191.1006944444,,
650ccb5571d436878948ff39,01:41.5,EK408,DXB,MEL,21/9/2023 22:20,22/9/2023 11:30,EK408DXBMEL45190.930555555645191.4791666667,,
650ccb5571d436878948ff3a,01:42.0,QR11,DOH,LHR,21/9/2023 22:05,22/9/2023 05:25,QR11DOHLHR45190.920138888945191.2256944444,,
650ccb5671d436878948ff3b,01:42.9,EK701,DXB,MRU,21/9/2023 22:35,22/9/2023 05:10,EK701DXBMRU45190.940972222245191.2152777778,,
650ccb5771d436878948ff3c,01:43.4,EK7,DXB,LHR,21/9/2023 22:30,22/9/2023 06:05,EK7DXBLHR45190.937545191.2534722222,,
650ccb5771d436878948ff3d,01:43.6,BA206,MIA,LHR,21/9/2023 21:00,22/9/2023 05:50,BA206MIALHR45190.87545191.2430555556,,
650cd983d8f21ca9fdf7d18d,02:11.7,EK203,DXB,JFK,21/9/2023 22:50,22/9/2023 12:50,EK203DXBJFK45190.951388888945191.5347222222,,
650cd984d8f21ca9fdf7d18e,02:12.2,EK302,DXB,PVG,21/9/2023 22:50,22/9/2023 07:30,EK302DXBPVG45190.951388888945191.3125,,
650cd984d8f21ca9fdf7d18f,02:12.6,EK384,DXB,BKK,21/9/2023 22:50,22/9/2023 05:30,EK384DXBBKK45190.951388888945191.2291666667,,
650cd985d8f21ca9fdf7d190,02:13.1,EK11,DXB,LGW,21/9/2023 22:45,22/9/2023 06:20,EK11DXBLGW45190.947916666745191.2638888889,,
650cd986d8f21ca9fdf7d192,02:14.1,EK354,DXB,SIN,21/9/2023 23:05,22/9/2023 07:00,EK354DXBSIN45190.961805555645191.2916666667,,
650cd986d8f21ca9fdf7d193,02:14.5,EK501,BOM,DXB,21/9/2023 23:00,22/9/2023 02:00,EK501BOMDXB45190.958333333345191.0833333333,,
650cd986d8f21ca9fdf7d194,02:14.7,QR834,DOH,BKK,21/9/2023 23:00,22/9/2023 06:00,QR834DOHBKK45190.958333333345191.25,,
650cd987d8f21ca9fdf7d195,02:15.2,EK569,BLR,DXB,21/9/2023 23:15,22/9/2023 03:05,EK569BLRDXB45190.9687545191.1284722222,,
650cd987d8f21ca9fdf7d196,02:15.7,EK420,DXB,PER,21/9/2023 22:45,22/9/2023 09:35,EK420DXBPER45190.947916666745191.3993055556,,
650cd988d8f21ca9fdf7d197,02:16.1,EK346,DXB,KUL,21/9/2023 23:10,22/9/2023 06:25,EK346DXBKUL45190.965277777845191.2673611111,,
650cd988d8f21ca9fdf7d198,02:16.8,EK216,LAX,DXB,21/9/2023 23:40,22/9/2023 15:30,EK216LAXDXB45190.986111111145191.6458333333,,
650cd989d8f21ca9fdf7d199,02:17.3,EK322,DXB,ICN,21/9/2023 23:40,22/9/2023 08:00,EK322DXBICN45190.986111111145191.3333333333,,
650cd989d8f21ca9fdf7d19a,02:17.7,EK376,DXB,BKK,21/9/2023 23:45,22/9/2023 06:25,EK376DXBBKK45190.989583333345191.2673611111,,
650cd98ad8f21ca9fdf7d19b,02:18.2,EK366,DXB,TPE,21/9/2023 23:40,22/9/2023 08:15,EK366DXBTPE45190.986111111145191.34375,,
650ce789a0084d6267786ff1,02:01.4,BA212,BOS,LHR,21/9/2023 23:15,22/9/2023 05:50,BA212BOSLHR45190.9687545191.2430555556,,
650ce78aa0084d6267786ff3,02:02.3,EK368,DXB,DPS,21/9/2023 23:25,22/9/2023 08:35,EK368DXBDPS45190.975694444445191.3576388889,,
650ce78ba0084d6267786ff7,02:03.9,EK241,DXB,YYZ,21/9/2023 23:30,22/9/2023 13:30,EK241DXBYYZ45190.979166666745191.5625,,
650ce78ca0084d6267786ff8,02:04.4,EK226,SFO,DXB,22/9/2023 00:05,22/9/2023 15:40,EK226SFODXB45191.003472222245191.6527777778,,
650ce78da0084d6267786ff9,02:05.0,EK71,DXB,CDG,22/9/2023 00:05,22/9/2023 07:25,EK71DXBCDG45191.003472222245191.3090277778,,
650ce78da0084d6267786ffa,02:05.2,EK318,DXB,NRT,21/9/2023 22:40,22/9/2023 08:35,EK318DXBNRT45190.944444444445191.3576388889,,
650ce78da0084d6267786ffb,02:05.7,EK306,DXB,PEK,21/9/2023 23:50,22/9/2023 07:25,EK306DXBPEK45190.993055555645191.3090277778,,
650ce78da0084d6267786ffc,02:05.9,LH425,BOS,MUC,22/9/2023 00:05,22/9/2023 07:15,LH425BOSMUC45191.003472222245191.3020833333,,
650ce78ea0084d6267786ffd,02:06.3,QR900,DOH,PER,21/9/2023 23:25,22/9/2023 10:20,QR900DOHPER45190.975694444445191.4305555556,,
650ce78ea0084d6267786ffe,02:06.8,EK212,IAH,DXB,22/9/2023 00:55,22/9/2023 15:45,EK212IAHDXB45191.038194444445191.65625,,